year,average_daily_ai_return
2019,0.0006462512470686067
2020,0.0035100350684420193
2021,0.0011344216047872422
2022,-0.002098309044944213
2023,0.0036046465224820363
2024,0.0012260622614462349
